lastname,firstname,email
Karna,Zia,zia@gmail.com
Callista,Katleen,katleen@gmail.com
Ursulette,Aeriela,aeriela@gmail.com
Fry,Viviene,viviene@gmail.com
Audly,Sandie,sandie@gmail.com
Timon,Nananne,nananne@gmail.com
Harl,Gilda,gilda@gmail.com
Cimbura,Trudie,trudie@gmail.com
Phi,Krystle,krystle@gmail.com
Volochnev,Aleks,aleksandr.volochnev@datastax.com
